{"cameraMode":{"drawMode":0,"name":"Shaded","section":"Shading Mode"},"sceneLighting":true,"audioPlay":false,"sceneViewState":{"m_AlwaysRefresh":false,"showFog":true,"showSkybox":true,"showFlares":true,"showImageEffects":true,"showParticleSystems":true,"showVisualEffectGraphs":true,"m_FxEnabled":true},"in2DMode":false,"pivot":{"x":154.38682556152345,"y":124.08979034423828,"z":30.059555053710939},"rotation":{"x":-0.024658365175127984,"y":0.29486191272735598,"z":-0.0076131513342261318,"w":-0.9551952481269836},"size":151.61378479003907,"orthographic":false}