{"cameraMode":{"drawMode":0,"name":"Shaded","section":"Shading Mode"},"sceneLighting":true,"audioPlay":false,"sceneViewState":{"m_AlwaysRefresh":false,"showFog":true,"showSkybox":true,"showFlares":true,"showImageEffects":true,"showParticleSystems":true,"showVisualEffectGraphs":true,"m_FxEnabled":true},"in2DMode":false,"pivot":{"x":-1996.2005615234375,"y":-10.904472351074219,"z":-162.94114685058595},"rotation":{"x":0.09737644344568253,"y":-0.8988197445869446,"z":0.3426349461078644,"w":0.2554437518119812},"size":37.255523681640628,"orthographic":false}