{"cameraMode":{"drawMode":0,"name":"Shaded","section":"Shading Mode"},"sceneLighting":true,"audioPlay":false,"sceneViewState":{"m_AlwaysRefresh":false,"showFog":true,"showSkybox":true,"showFlares":true,"showImageEffects":true,"showParticleSystems":true,"showVisualEffectGraphs":true,"m_FxEnabled":true},"in2DMode":false,"pivot":{"x":-1982.9942626953125,"y":12.502752304077149,"z":-119.1276626586914},"rotation":{"x":0.023442769423127176,"y":-0.8547104597091675,"z":0.03875662758946419,"w":0.5171791911125183},"size":10.98292064666748,"orthographic":false}