{"cameraMode":{"drawMode":0,"name":"Shaded","section":"Shading Mode"},"sceneLighting":true,"audioPlay":false,"sceneViewState":{"m_AlwaysRefresh":false,"showFog":true,"showSkybox":true,"showFlares":true,"showImageEffects":true,"showParticleSystems":true,"showVisualEffectGraphs":true,"m_FxEnabled":true},"in2DMode":false,"pivot":{"x":-2028.539306640625,"y":4.9243011474609379,"z":-140.53111267089845},"rotation":{"x":0.13031159341335298,"y":-0.8062240481376648,"z":0.19319899380207063,"w":0.5437886714935303},"size":37.255523681640628,"orthographic":false}