{"cameraMode":{"drawMode":0,"name":"Shaded","section":"Shading Mode"},"sceneLighting":true,"audioPlay":false,"sceneViewState":{"m_AlwaysRefresh":false,"showFog":true,"showSkybox":true,"showFlares":true,"showImageEffects":true,"showParticleSystems":true,"showVisualEffectGraphs":true,"m_FxEnabled":true},"in2DMode":false,"pivot":{"x":-1998.4742431640625,"y":8.574996948242188,"z":-132.39923095703126},"rotation":{"x":-0.14844688773155213,"y":0.7436264753341675,"z":-0.17584942281246186,"w":-0.6277464628219605},"size":36.823238372802737,"orthographic":false}