{"cameraMode":{"drawMode":0,"name":"Shaded","section":"Shading Mode"},"sceneLighting":true,"audioPlay":false,"sceneViewState":{"m_AlwaysRefresh":false,"showFog":true,"showSkybox":true,"showFlares":true,"showImageEffects":true,"showParticleSystems":true,"showVisualEffectGraphs":true,"m_FxEnabled":true},"in2DMode":false,"pivot":{"x":-2063.404052734375,"y":11.220829963684082,"z":-81.01141357421875},"rotation":{"x":0.00021436501992866397,"y":-0.99277263879776,"z":0.12001980096101761,"w":0.0017781639471650124},"size":0.9341577291488648,"orthographic":false}