{"cameraMode":{"drawMode":0,"name":"Shaded","section":"Shading Mode"},"sceneLighting":true,"audioPlay":false,"sceneViewState":{"m_AlwaysRefresh":false,"showFog":true,"showSkybox":true,"showFlares":true,"showImageEffects":true,"showParticleSystems":true,"showVisualEffectGraphs":true,"m_FxEnabled":true},"in2DMode":false,"pivot":{"x":-1971.651611328125,"y":30.085691452026368,"z":-355.6214599609375},"rotation":{"x":0.05525404214859009,"y":0.9447171688079834,"z":-0.22368894517421723,"w":0.23331959545612336},"size":10.982916831970215,"orthographic":false}