{"cameraMode":{"drawMode":0,"name":"Shaded","section":"Shading Mode"},"sceneLighting":true,"audioPlay":false,"sceneViewState":{"m_AlwaysRefresh":false,"showFog":true,"showSkybox":true,"showFlares":true,"showImageEffects":true,"showParticleSystems":true,"showVisualEffectGraphs":true,"m_FxEnabled":true},"in2DMode":false,"pivot":{"x":137.15699768066407,"y":74.83956909179688,"z":-498.4127197265625},"rotation":{"x":0.18292681872844697,"y":0.44876182079315188,"z":-0.09437545388936997,"w":0.869673490524292},"size":12.124356269836426,"orthographic":false}